Developer,Active,City,Autonomous area,Country,Est.,"Notable games, series or franchises",Notes
0verflow,1,Tokyo,,Japan,1997,School DaysSummer DaysCross Days,Visual Novel brand (both developer and publisher)
11 bit studios,1,Warsaw,,Poland,2010,Frostpunk,Indie developer/publisher
1C Company,1,Moscow,,Russia,1991,King's Bounty: Warriors of the North,"Game localization. The game development subsidiary, Snowball Studios¬†[ru], was dissolved and former employees of the studios formed Snowbird Game Studios."
1-Up Studio,1,Tokyo,,Japan,2000,Mother 3,Subsidiary of Nintendo
2K Czech,0,Brno,,Czech Republic,1997,MafiaMafia II,Former subsidiary of 2K Games; previously known as Illusion Softworks; closed in 2017 after merged into Hangar 13
2K Games,1,Novato,California,US,2005,,Developer/publisher/distributor/marketer; owned by Take-Two Interactive
2K Sports,1,Novato,California,US,2005,NBA 2K seriesNHL 2K seriesWWE 2K series,Developer/publisher and subsidiary of 2K Games
343 Industries,1,Redmond,Washington,US,2009,Halo series,"Subsidiary of Microsoft Studios, took over development for the Halo franchise from Bungie"
38 Studios,0,Providence,Rhode Island,US,2006,Kingdoms of Amalur: Reckoning,Defunct in 2012; their assets were acquired by THQ Nordic
3D Realms,1,Garland,Texas,US,1987,Duke Nukem,
42 Entertainment,1,Pasadena,California,US,1993,I Love Bees,
4A Games,1,KievSliema,,UkraineMalta,20052014,Metro series,They moved its headquarters from Ukraine to Malta
5th Cell,1,Bellevue,Washington,US,2003,Scribblenauts series,
989 Studios,0,Foster City,California,US,1995,Twisted Metal III‚Äì4Jet Moto 2124,Division of Sony Computer Entertainment America
Acclaim Entertainment,0,Glen Cove,New York,US,1987,,Developer/Publisher; declared Bankruptcy August 2004
Acclaim Studios Austin,0,Santa Clara,California,US,1991,Turok seriesAll-Star Baseball seriesSouth Park series,Acquired by Acclaim Entertainment in 1995
Accolade,0,San Jose,California,US,1984,HardBall! seriesStar Control seriesTest Drive II‚ÄìIII,"Former publisher and developer. Acquired by Atari, SA n√©e Infogrames in 1999, name retired."
Access Games,1,Osaka,,Japan,2002,Deadly Premonition,Subsidiary of Digital Media Lab¬†[ja]
Access Software,0,Salt Lake City,Utah,US,1982,Under a Killing MoonThe Pandora Directive,Acquired by Microsoft
ACE Team,1,Santiago de Chile,,Chile,2007,Zeno Clash series,
Aces Studio,0,Redmond,Washington,US,,Microsoft Flight Simulator,Acquired by Microsoft
Acheron Design,0,Melbourne,,Australia,2004,Brian Lara 2007 Pressure Play,Voluntary deregistered in 2013.[1]
Acquire,1,"Chiyoda, Tokyo",,Japan,1994,Tenchu seriesWay of the Samurai seriesShinobido seriesAkiba seriesNo Heroes Allowed! seriesOctopath Traveler,Developer/publisher and subsidiary of GungHo Online Entertainment
Action Forms,0,Kiev,,Ukraine,1995,Carnivores series,Their main employees moved to Tatem Games
Active Gaming Media,1,Osaka,,Japan,2006,,"Game localization, debugging/testing, international indie game distribution, publishing"
Activision,1,Santa Monica,California,US,1979,Call of Duty seriesCrash Bandicoot seriesSpyro the Dragon seriesTony Hawk's Pro Skater seriesGuitar Hero seriesSkylanders seriesMechWarrior 2,Also video game publisher; acquired several other developers; merged with Vivendi to form Activision Blizzard in 2008
Adventure Soft,0,Birmingham,,England,1992,Simon the Sorcerer series,"The development company is now defunct but the publishing company, Adventure Soft Publishing, is still active."
Akella,0,Moscow,,Russia,1995,Age of Sail IIAge of Pirates seriesSea Dogs,Defunct in 2012
Alfa System,1,Kumamoto City,,Japan,1988,Tales of the World seriesOreshika series,
AlphaDream,0,Tokyo,,Japan,2000,Mario & Luigi series,Defunct in 2019
Amazon Game Studios,1,Seattle,Washington,US,2012,New World,Subsidiary of Amazon.com
"Amazon Game Studios, Orange County (formerly Double Helix Games)",1,Irvine,California,US,2007,Silent Hill: HomecomingKiller InstinctFront Mission Evolved,acquired by Amazon and incorporated in Amazon Game Studios
Ambrella,1,Tokyo,,Japan,1996,"Hey You, Pikachu!Pok√©mon Rumble series",
Amusement Vision,0,Tokyo,,Japan,2000,Super Monkey Ball seriesF-Zero GX,Subsidiary of Sega
Ancient,1,Hino,,Japan,1990,,
Anino,1,Manila,,Philippines,2001,Despicable Me: Minion Mania,
Ankama Games,1,Roubaix,,France,2001,WakfuDofus,
Appy Entertainment,0,Carlsbad,California,US,2008,,
AQ Interactive,0,Tokyo,,Japan,2005,,Merged into Marvelous Entertainment in 2011
Arc System Works,1,Yokohama,,Japan,1988,Guilty Gear seriesBlazBlue seriesDragon Ball FighterZGranblue Fantasy Versus,Developer/publisher
Arcane Kids,1,Los Angeles,California,US,2010,Bubsy 3D: Bubsy Visits the James Turrell RetrospectiveSonic Dreams Collection,
Arkane Studios,1,Lyon,,France,1999,Arx FatalisDishonored seriesPrey,Subsidiary of ZeniMax Media
Arkedo Studio,0,Paris,,France,2006,Hell Yeah! Wrath of the Dead Rabbit,Defunct in 2013
ArenaNet,1,Bellevue,Washington,US,2000,Guild WarsGuild Wars 2,Subsidiary of NCSoft
Arika,1,Tokyo,,Japan,1995,Endless Ocean seriesStreet Fighter EX seriesTetris: The Grand Master seriesTetris 99,
"Art Co., Ltd",1,Tokyo,,Japan,1995,,
Artdink,0,Tsukishima,,Japan,1986,A-Train series,
ArtePiazza,0,Tokyo,,Japan,1989,,
Artificial Studios,1,Gainesville,Florida,US,2001,,Subsumed by Ignition Entertainment which was defunct in 2012
Artoon,0,Yokohama,,Japan,1999,Yoshi's Island DS,Subsidiary of AQ Interactive; defunct in 2010
Arzest,1,Yokohama,,Japan,2010,Wii Play: MotionYoshi's New Island,Formed by former employees of Artoon
Ascaron,0,G√ºtersloh,,Germany,1989,Sacred series,Developer/publisher; closed in 2009
Asobo Studio,1,Bordeaux,,France,2002,Kinect Rush: A Disney‚ÄìPixar AdventureA Plague Tale: InnocenceMicrosoft Flight Simulator (2020),
Atari Interactive (formerly Hasbro Interactive),0,Pawtucket,Rhode Island,US,1995,,Acquired by Infogrames in 2001
Atlus,1,Tokyo,,Japan,1986,Megami Tensei franchise Shin Megami Tensei series Persona series Devil Summoner series Tokyo Mirage Sessions ‚ôØFE Etrian Odyssey seriesTrauma Center series,Developer/publisher; acquired by Sega in 2013
Atomic Planet Entertainment,0,Middlesbrough,,England,2000,Taito Legends series,Closed in 2009
Attic Entertainment Software,0,Albstadt,,Germany,1990,Realms of Arkania: Blade of Destiny,Developer/publisher; defunct in 2001
Avalanche Studios,1,Stockholm,,Sweden,2003,Just Cause seriestheHunter series,Acquired by Nordisk Film in 2018
Aventurine SA,0,Athens,,Greece,2002,Darkfall,
Babaroga,1,Chicago,Illinois,US,2001,,
Backflip Studios,0,Boulder,Colorado,US,2009,DragonVale,Subsidiary of Hasbro; closed in 2019[2]
Bandai,1,"Tait≈ç, Tokyo",,Japan,1950,Digimon franchiseTamagotch franchise,Subsidiary of Bandai Namco Holdings; the console game division was merged into Namco Bandai Games in 2006
Bandai Namco EntertainmentBandai Namco Studios,1,"Minato, Tokyo",,Japan,19552012,Pac-Man franchiseTekken franchise Tekken series Tekken Tag Tournament series Soul Calibur seriesTales seriesKatamari seriesAce Combat seriesThe Idolmaster seriesTaiko no Tatsujin seriesGod Eater seriesSuper Smash Bros. for Nintendo 3DS and Wii UPokk√©n TournamentMojipittan seriesCode Vein,Bandai Namco Entertainment is a subsidiary of Bandai Namco Holdings; Bandai Namco Studios was split off from Bandai Namco Entertainment in 2012
Banpresto,0,Tokyo,,Japan,1977,Super Robot Wars series,Acquired by Namco Bandai Holdings in 2006; The video game division was merged into BEC (currently B.B. Studio) in 2011
Bauhaus Entertainment,1,Tokyo,,Japan,2006,,Division of Imagica DigitalScape¬†[ja]
B.B. Studio,1,Tokyo,,Japan,1994,Digimon World seriesSuper Robot Wars series,Subsidiary of Bandai Namco Entertainment
Beenox,1,Quebec City,Quebec,Canada,2000,Spider-Man game seriesCrash Team Racing Nitro-Fueled,"Acquired by Activision on May 25, 2005"
Behaviour Interactive,1,Montreal,Quebec,Canada,1992,Dead by Daylight,
Behaviour Santiago,0,Santiago de Chile,,Chile,2002,Assault Heroes series,Subsidiary of Behaviour Interactive; closed in 2017
Bethesda Game Studios,1,Rockville,Maryland,US,2001,The Elder Scrolls seriesFallout series,In-house development team of Bethesda Softworks LLC
Big Finish Games,1,Salt Lake City,Utah,US,2007,Tesla Effect: A Tex Murphy Adventure,
Big Huge Games,1,Baltimore,Maryland,US,2000,Rise of NationsKingdoms of Amalur: ReckoningDomiNations,Acquired by Nexon in 2016
BioWare,1,Edmonton,Alberta,Canada,1995,Baldur's Gate seriesMass Effect seriesDragon Age seriesNeverwinter NightsStar Wars: The Old RepublicAnthem,Acquired by Electronic Arts in 2007
The Bitmap Brothers,0,London,,England,1987,Xenon series,Dissolved.[3][4] Their portfolio was acquired by Rebellion Developments in 2019.[5]
Best Way,1,Luhansk,,Ukraine,1991,Men of War series,
Bits Studios,0,London,,England,1991,Spider-Man: Return of the Sinister Six,Acquired by PlayWize in 2008
Bizarre Creations,0,Liverpool,,England,1994,Project Gotham Racing seriesGeometry Wars series,Defunct in 2011
Black Forest Games,1,Offenburg,,Germany,2012,Giana Sisters: Twisted Dreams,Acquired by THQ Nordic in 2017
Black Isle Studios,0,Orange County,California,US,1996,Fallout 2Planescape: TormentIcewind Dale,Subsidiary of Interplay Entertainment; closed in 2003
Black Rock Studio,0,Brighton,,England,1998,MotoGP 2ATV Offroad Fury 3,Defunct in 2011
Black Wing Foundation,1,Dnipro,,Ukraine,2006,Stalin vs. MartiansSpeed Kills,
Blitz Games Studios,0,Leamington Spa,,England,1990,Karaoke Revolution,Liquidated[6]
Blizzard Entertainment,1,Irvine,California,US,1991,Diablo seriesStarCraft seriesWarcraft seriesHearthstoneHeroes of the StormOverwatch,Developer/publisher; acquired by Vivendi and became part of Vivendi Games group in 1998; merged into Activision Blizzard in 2008
Blueside,1,Seoul,,South Korea,2003,Kingdom Under Fire series,Founded by former employees of Phantagram
Blue Fang Games,0,Waltham,Massachusetts,US,1998,Zoo Tycoon series,Shut down in 2011
Blue Tongue Entertainment,0,Melbourne,Victoria,Australia,1995,Jurassic Park: Operation Genesisde BlobMarvel Super Hero Squad,Shut down in 2011; subsidiary of THQ
Bluehole,1,Seongnam,,South Korea,2007,TERAPlayerUnknown's Battlegrounds,
Bohemia Interactive,1,Prague,,Czech Republic,1999,Operation Flashpoint: Cold War CrisisArma seriesTake On HelicoptersCarrier Command: Gaea MissionDayZ,
Boss Fight Entertainment,1,McKinney,Texas,US,2013,,
Boss Key Productions,0,Raleigh,North Carolina,US,2014,LawBreakers,Founded by Cliff Bleszinski and Arjan Brussee
BreakAway Games,1,Hunt Valley,Maryland,US,1998,,
Br¯derbund,0,Eugene,Oregon,US,1980,Prince of Persia series,Cosed in 1998
Bugbear Entertainment,1,Helsinki,,Finland,2000,FlatOut seriesWreckfest,Acquired by THQ Nordic in 2018
Bullfrog Productions,0,Guildford,,England,1987,Theme ParkMagic CarpetSyndicateDungeon Keeper series,Acquired by Electronic Arts in 1995 and closed in 2001
Bungie,1,Bellevue,Washington,US,1991,Halo seriesMarathonOniMythPathways into DarknessMinotaur: The Labyrinths of CreteOperation: Desert StormDestiny series,Formerly a subsidiary of Microsoft Game Studios
Camelot Software Planning,1,Tokyo,,Japan,1990,Shining seriesMario Golf seriesMario Tennis seriesGolden Sun series,
Capcom,1,Osaka,,Japan,1979,Mega Man franchise Mega Man series Mega Man X series Mega Man Legends series Mega Man Battle Network series Mega Man Zero series Mega Man ZX series Mega Man Star Force series Street Fighter franchiseResident Evil franchiseDevil May Cry franchiseMonster Hunter franchiseGhost 'n Goblins seriesStrider seriesFinal Fight seriesDino Crisis seriesDarkstalkers seriesAce Attorney franchiseOnimusha seriesSengoku BASARA seriesDragon's Dogma seriesViewtiful Joe series≈åkami seriesDead Rising seriesMarvel vs. Capcom seriesBreath of Fire series,Developer/publisher
Capcom Vancouver,0,Burnaby,British Columbia,Canada,2005,Dead Rising series,"Founded as Blue Castle Games; acquired by Capcom in 2010; closed in September 18, 2018"
Carbine Studios,0,Aliso Viejo,California,US,2005,WildStar,Subsidiary of NCSoft
Cattle Call,1,Tokyo,,Japan,1998,Metal Max seriesArc the Lad series,Formed by former employees of Data East
Cauldron,0,Bratislava,,Slovakia,1996,Chaser,Their assets were acquired by Bohemia Interactive[7]
Cave,1,"Shinjuku, Tokyo",,Japan,1994,DoDonPachi,
Cavia,0,Tokyo,,Japan,2000,Drakengard seriesNier,
CCP Games,1,Reykjav√≠k,,Iceland,1997,Eve Online,Their Newcastle studio was acquired by Sumo Digital. CCP Games itself was acquired by Pearl Abyss.
CD Projekt Red,1,Warsaw,,Poland,2002,The Witcher seriesCyberpunk 2077,Game development studio of CD Projekt
Certain Affinity,1,Austin,Texas,US,2006,Halo series,Co-developed the Halo series
Chair Entertainment,1,Salt Lake City,Utah,US,2005,UndertowShadow ComplexInfinity Blade series,Subsidiary of Epic Games
Chunsoft,0,"Shinjuku, Tokyo",,Japan,1984,Mystery Dungeon seriesDragon Quest I‚ÄìV,Merged with Spike to become Spike Chunsoft in 2012
Cing,0,Fukuoka,,Japan,1999,Little King's Story,
Clap Hanz,1,Yokohama,,Japan,1998,Everybody's Golf seriesEverybody's Tennis series,
Climax Entertainment,0,Tokyo,,Japan,1990,Runabout series,
Climax Studios,1,Portsmouth,,England,1988,Silent Hill: OriginsAssassin's Creed Chronicles series,
Clover Studio,0,Osaka,,Japan,2004,Viewtiful Joe series Okami,Subsidiary of Capcom; became defunct in 2007
Coded Illusions,0,Rotterdam,,Netherlands,2005,,
Codemasters,1,Southam,,England,1985,F1 seriesColin McRae Rally seriesOperation Flashpoint seriesGrid series,Former subsidiary of Reliance Entertainment; developer/publisher
Coffee Stain Studios,1,Sk√∂vde,,Sweden,2010,Goat Simulator Satisfactory,Acquired by THQ Nordic AB (latterly Embracer Group) in 2018
Cohort Studios,0,Cardiff,,Wales,2006,Buzz! Junior series,
Coktel Vision,0,Paris,,France,1985,Inca series,Former publisher
Colossal Order,1,Tampere,,Finland,2009,Cities in MotionCities: Skylines,Developer for Paradox Interactive
Compile Heart,1,Tokyo,,Japan,2006,Hyperdimension Neptunia franchiseRecord of Agarest War,Developer/publisher; subsidiary of Idea Factory
Compulsion Games,1,Montreal,Quebec,Canada,2009,ContrastWe Happy Few,Acquired by Microsoft Studios in 2018
Core Design,0,Derby,,England,1988,Tomb Raider series,Subsidiary of Eidos Interactive; closed down in 2006
Crafts & Meister,1,Osaka,,Japan,2004,Gundam Breaker series,
Crawfish Interactive,0,Croydon,,England,1997,,Defunct in 2002
Creat Studios,1,Canton,Massachusetts,US,1990,American Chopper 2: Full Throttle,
Creative Assembly,1,Horsham,,England,1987,Total War seriesAlien: Isolation,Acquired by Sega in 2005
Creatures,1,Tokyo,,Japan,1995,Pok√©mon Ranger seriesDetective Pikachu,
Criterion Games,1,Guildford,,England,1993,Burnout series,Subsidiary of Electronic Arts
Croteam,1,Zagreb,,Croatia,1993,Serious Sam seriesThe Talos Principle,
Cryo Interactive,0,Paris,,France,1992,DuneEgypt series,Bankrupt in 2002
Culture Brain Excel,1,Tokyo,,Japan,1980,Hiry≈´ no Ken seriesSuper Chinese series,
Crea-Tech,0,Tokyo,,Japan,1988,Metal Max series,
Cryptic Studios,1,Los Gatos,California,US,2000,City of HeroesChampions OnlineStar Trek Online,Subsidiary of Perfect World
Crystal Dynamics,1,Redwood City,California,US,1992,Legacy Of Kain seriesTomb Raider series (second era),Acquired by Square Enix in 2009
Crytek,1,Frankfurt,,Germany,1999,Far CryCrysis seriesRyse: Son of Rome,
Crytek UK,0,Nottingham,,England,1999,TimeSplitters series,Founded as Free Radical Design; acquired by Crytek in 2009; defunct in 2014
Cyan Worlds,1,Mead,Washington,US,1987,Myst series,
Cyanide,1,Nanterre,,France,2000,Pro Cycling Manager series,Acquired by Bigben Interactive in 2018
Cyberdreams,1,Liverpool,,England,2007,,Developer/publisher; successor of Ultrasoft
CyberConnect2,1,Fukuoka,,Japan,1996,.hack franchise .hack series .hack//G.U. series Naruto: Ultimate Ninja seriesDragon Ball Z: Kakarot,
Cyberlore Studios (Blueline Simulations[8]),1,Northampton,Massachusetts,US,1992,Majesty: The Fantasy Kingdom Sim,Developer of computer games
CyberStep,1,Tokyo,,Japan,2000,GetAmpedCosmic BreakGetAmped2Onigiri,Developer/publisher of global online games
Cygames,1,Tokyo,,Japan,2011,The Idolmaster Cinderella Girls seriesGranblue Fantasy seriesShadowversePrincess Connect! seriesDragalia Lost,Subsidiary of CyberAgent
Dambuster Studios,1,Nottingham,,England,2014,Homefront: The RevolutionDead Island 2,Formed by former employees of Crytek UK; acquired by Koch Media in 2014 and managed by its Deep Silver division
Danger Close Games,0,Los Angeles,California,US,1995,Medal of Honor series,Subsidiary of Electronic Arts; defunct in 2013
Day 1 Studios,0,Chicago,Illinois,US,2001,Axis & Allies seriesMechAssault series,Merged with WarGaming[9]
Daybreak Game Company,1,San Diego,California,US,1997,EverQuest seriesPlanetSide seriesH1Z1 series,
Deadline Games,0,Copenhagen,,Denmark,1996,Total OverdoseWatchmen: The End Is NighFaith and a .45,
Deck13,1,Frankfurt,,Germany,2001,Ankh seriesThe Surge series,
Deep Silver Volition,1,Champaign,Illinois,US,1996,Saints Row seriesRed Faction series,Acquired by Koch Media in 2013 and managed by its Deep Silver division
Demiurge Studios,1,Cambridge,Massachusetts,US,2002,,acquired by Sega in 2015
DeNA,1,Tokyo,,Japan,1999,Final Fantasy Record KeeperPok√©mon MastersMario Kart Tour,
devCAT Studios (Nexon development 3rd division),1,Seoul,,South Korea,2001,MabinogiVindictus,Division of Nexon Korea
Dhruva Interactive,0,Bangalore,,India,1997,,Acquired by Starbreeze Studios in 2016 and then they were acquired by Rockstar Games and were merged into Rockstar India in 2019
Die Gute Fabrik,1,Copenhagen,,Denmark,2006,Where is my Heart?JoustSportsfriends,
Digital Extremes,1,London,Ontario,Canada,1993,Warframe,"Subsidiary of Leyou; Founded by James Schmalz, co-creator of Unreal series."
Digital Eclipse,1,Emeryville,California,US,1992,,Division of Other Ocean Group[10]
Digitalmindsoft,1,Ulm,,Germany,2006,Men of War series,
Digital Reality,0,Budapest,,Hungary,1991,Imperium Galactica series,Defunct in 2013; their assets were acquired by Nordic Games[11]
Dimps,1,Osaka,,Japan,2000,Street Fighter IVDragon Ball Z: Budokai seriesDragon Ball Xenoverse series,
Disney Interactive Studios,0,Glendale,California,US,1988,,Publisher and subsidiary of The Walt Disney Company; closed in 2016
Dontnod Entertainment,1,Paris,,France,2008,Life Is Strange series,
DotEmu,1,Paris,,France,2007,Wonder Boy: The Dragon's Trap Streets of Rage 4,
Double Fine Productions,1,San Francisco,California,US,2000,PsychonautsBroken AgeGang Beasts,Founded by former employees of LucasArts; acquired by Microsoft in 2019
Dynamix,0,Eugene,Oregon,US,1984,Red BaronFront Page Sports seriesBetrayal at KrondorTribes seriesMechWarrior,Closed in 2001
Dovetail Games,1,Chatham,,England,2008,Train Simulator franchise,
The Dovetail Group,0,,,US,c. 1984,,Early developer of music video games
EA Black Box,0,British Columbia,,Canada,1998,Skate series,Subsidiary of Electronic Arts; closed in 2013
EA Digital Illusions CE (EA DICE),1,Stockholm,,Sweden,1992,Battlefield seriesMirror's Edge,Acquired by Electronic Arts in 2004
EA Vancouver (formerly Distinctive Software),1,Burnaby,British Columbia,Canada,1982,Test DriveSSX series,Acquired by Electronic Arts in 1991
Eat Sleep Play,0,Salt Lake City,Utah,US,2007,Twisted Metal series,Defunct in 2017
Egosoft,1,W√ºrselen,,Germany,1988,X series,
Eden Games,1,Lyon,,France,1998,Test Drive Unlimited series,Former subsidiary of Atari SA
Eighting,1,Tokyo,,Japan,1993,Kururin seriesKamen Rider: Climax seriesKamen Rider: Battride War seriesMarvel vs. Capcom 3: Fate of Two Worlds,Acquired by COLOPL
Electronic Arts,1,Redwood City,California,US,1982,FIFA seriesNeed For Speed seriesPlants vs. Zombies series Apex Legends,Developer/publisher/distributor
Elemental Games,0,Vladivostok,,Russia,1999,Space Rangers,Defunct in 2015
Engine Software,1,Doetinchem,,Netherlands,1995,,Also middleware developer
Ensemble Studios,0,Dallas,Texas,US,1995,Age of Empires seriesAge of MythologyHalo Wars,Former subsidiary of Microsoft Studios
Epic Games,1,Cary,North Carolina,US,1991,Unreal seriesGears of War seriesShadow ComplexInfinity Blade seriesFortnite,"Developer, publisher, and distributor"
Epics,1,Tokyo,,Japan,1987,PoPoLoCrois series,
Epicenter Studios,0,Sherman Oaks,California,US,2007,Real Heroes: Firefighter,
Epyx,0,San Francisco,California,US,1978,California Games seriesImpossible Mission seriesJumpman seriesPitstop seriesSummer Games series,"Developer/publisher, defunct 1993"
ESA (formerly Softmax),0,Seoul,,South Korea,1994,TalesWeaver,ESA left from game business. The former employees formed Studio 4Leaf and the studio was acquired by NextFloor¬†[ko].[12]
√âtranges Libellules,0,Lyon,,France,1994,Asterix & Obelix XXL,
Eugen Systems,1,Paris,,France,2000,Act of War seriesWargame seriesSteel Division series,
Eurocom,0,Derby,,England,1988,GoldenEye 007,
Evolution Studios,0,Runcorn,,England,1999,World Rally Championship seriesMotorStorm series,Division of SIE Worldwide Studios and subsidiary of Sony Computer Entertainment; defunct in 2016
Examu,0,Tokyo,,Japan,2007,Arcana Heart series,Their business operations were suspended in 2020 and their business was taken over by Team Arcana.[13]
Eyedentity Games,1,Seoul,,South Korea,2007,Dragon Nest,Acquired by Shanda Games (currently Shengqu Games) in 2010
F4,1,Paris,,France,2002,Empire of Sports,
Facepunch Studios,1,Walsall,,England,2009,Garry's Mod  Rust,
FarSight Studios,1,Big Bear Lake,California,US,1989,The Pinball Arcade,
FASA Studio,0,Redmond,Washington,US,1994,MechCommander seriesMechWarrior 4,defunct in 2007
Fatshark,1,Stockholm,,Sweden,2008,War of the Roses,Subsidiary of Tencent
feelplus,0,Tokyo,,Japan,1992,No More Heroes: Heroes' Paradise,Merged into AQ Interactive
Felistella,1,Gifu,,Japan,2010,Summon Night 5,
Firaxis Games,1,Sparks,Maryland,US,1996,Civilization series (part 3 and later)XCOM (Reboot) series,Subsidiary of 2K Games; founded by former employees of MicroProse.
Firefly Studios,1,London,,England,1999,Stronghold series,
Firesprite,1,Liverpool,,England,2012,,Formed by former employees of SCE Studio Liverpool
First Star Software,0,Chappaqua,New York,US,1982,,Defunct in 2018. Their name and assets were acquired by BBG Entertainment
Flagship Studios,0,San Francisco,California,US,2003,Hellgate:LondonMythos,Closed down in 2008
Flight-Plan,0,Gifu,,Japan,1989,Black/Matrix seriesSummon Night series,Defunct in 2010
Flying Wild Hog,1,Warsaw,,Poland,2009,Hard ResetShadow Warrior series,
Foundation 9 Entertainment,0,Emeryville,California,US,1992,,Dissolved in 2016
Fox Digital Entertainment,0,,,US,2002,,Subsidiary of 20th Century Studios. The company is still exists but 20th Century Fox's video game business was rearranged to FoxNext.
FoxNext,1,,,US,2017,Marvel Strike Force,Division of 20th Century Studios. Their game development studios will be acquired by Scopely in 2020.[14]
Frictional Games,1,Helsingborg,,Sweden,2001,Penumbra seriesAmnesia: The Dark DescentSOMA,
Frogwares,1,Kiev,,Ukraine,2000,Adventures of Sherlock Holmes series,
FromSoftware,1,Tokyo,,Japan,1986,Armored Core series Souls series  Demon's Souls Dark Souls series BloodborneSekiro: Shadows Die Twice,Subsidiary of Kadokawa Corporation
Frontier Developments,1,Cambridge,,England,1994,Elite seriesThrillvilleLostWindsKinectimalsRollerCoaster Tycoon 3Planet Coaster,
Frozenbyte,1,Helsinki,,Finland,2001,Shadowgrounds seriesTrine series,
FTL Games,0,San Diego,California,US,1982,Dungeon Master series,Closed in 1982
FUN Labs,1,Bucharest,,Romania,1999,MIB: Alien CrisisCabela's series,
Funcom,1,Oslo,,Norway,1993,The Longest Journey seriesAnarchy OnlineAge of ConanThe Secret WorldConan Exiles,Developer/publisher
FuRyu,1,Tokyo,,Japan,2007,Unchained Blades seriesBeyblade Burst seriesCardfight!! Vanguard series,
Futuremark,0,Espoo,,Finland,1997,Shattered Horizon,Their game development division was acquired by Rovio Entertainment. Futuremark itself was acquired by UL and was merged into them.
Gaijin Entertainment,1,Moscow,,Russia,2002,War ThunderIL-2 Sturmovik: Birds of Prey,
Game Arts,1,"Chiyoda, Tokyo",,Japan,1985,Thexder seriesLunar seriesGrandia series,Subsidiary of GungHo Online Entertainment
Game Freak,1,"Setagaya-ku, Tokyo",,Japan,1989,Pok√©mon series,
GameHouse,1,Seattle,Washington,US,1998,Delicious series,"Casual game developer, publisher and portal; acquired by RealNetworks"
Gameloft,1,Paris,,France,1999,Modern Combat: DominationOrder & Chaos OnlineAssassin's Creed (for mobile)Asphalt,Subsidiary of Vivendi; developer/publisher of mobile games
Gearbox Software,1,Plano,Texas,US,1999,Brothers In Arms seriesBorderlands seriesHalf-Life: Opposing Force,
Geewa,1,Prague,,Czech Republic,2005,,
Genki,1,"Shinjuku, Tokyo",,Japan,1990,Shutokou Battle series,Subsidiary of Daikoku Denki¬†[ja]
Ghost Games,1,Gothenburg,,Sweden,2011,Need for Speed Payback,Subsidiary of Electronic Arts
Glu Mobile,1,San Francisco,California,US,2001,Deer Hunter series,Developer and publisher of mobile games
Gogii Games,1,Moncton,New Brunswick,Canada,2006,,Developer/publisher
Good-Feel,1,Kobe,,Japan,2005,Kirby's Epic YarnYoshi's Woolly WorldYoshi's Crafted World,Founded by former employees of Konami
Granzella,1,Nonoichi,,Japan,2011,Disaster Report 4 Plus: Summer Memories,Founded by former Irem employees
Grasshopper Manufacture,1,"Chiyoda, Tokyo",,Japan,1998,Killer7No More Heroes seriesLollipop ChainsawKiller Is DeadLet It Die,Founded by Suda51; acquired by GungHo Online Entertainment in 2013
Gravity,1,Seoul,,South Korea,2000,Ragnarok Online,Subsidiary of GungHo Online Entertainment
Gray Matter Interactive,0,Los Angeles,California,US,1993,Call of Duty: United Offensive,Merged into Treyarch in 2005
Gremlin Interactive,0,Sheffield,,England,1984,Zool and Premier Manager,Taken over by Infogrames in 1999 studio closed in 2003
Grezzo,0,"Shibuya, Tokyo",,Japan,2006,The Legend of Zelda: Ocarina of Time 3DThe Legend of Zelda: Majora's Mask 3DThe Legend of Zelda: Tri Force HeroesEver OasisThe Legend of Zelda: Link's Awakening (2019 Remake),Second-party developer of Nintendo
Grinding Gear Games,0,Auckland,,New Zealand,2006,Path of Exile,Acquired by Tencent
Griptonite Games,0,Kirkland,Washington,US,1994,Marvel Super Hero Squad: Comic Combat,Acquired by Glu Mobile
GSC Game World,1,Kiev,,Ukraine,1995,S.T.A.L.K.E.R,"Defunct in 2011, reopened in 2014"
Guerrilla Cambridge,0,Cambridge,Cambridgeshire,England,"1997 (as SCE Cambridge Studio), 2013",MediEvil series,Branch of Guerrilla Games and division of SIE Worldwide Studios; closed in 2017
Guerrilla Games,1,Amsterdam,,Netherlands,2000,Killzone seriesHorizon Zero Dawn,Division of SIE Worldwide Studios since 2004
Gunfire Games,1,Austin,Texas,US,2014,Darksiders IIIRemnant: From the Ashes,Formed by former employees of Vigil Games; acquired by THQ Nordic in 2019
GungHo Online Entertainment,1,"Chiyoda, Tokyo",,Japan,1998,Puzzle & Dragons series,Developer/publisher
Gust,1,Nagano,,Japan,1993,Atelier seriesFairy Tail,Became a division of Koei Tecmo Games in 2014
Haemimont Games,1,Sofia,,Bulgaria,1997,Tropico 5,
HAL Laboratory,1,"Chiyoda, Tokyo",,Japan,1980,Kirby series Earthbound/Mother series,Developer closely associated with Nintendo
Halfbrick,1,Brisbane,Queensland,Australia,2001,Fruit Ninja seriesJetpack Joyride,Mobile game developer/publisher
Hanaho,0,Cerritos,California,US,1992,,
h.a.n.d.,1,Sapporo,,Japan,1993,Aikatsu! seriesKingdom Hearts 358/2 DaysDisney Magical World series,
Hangar 13,1,Novato,California,US,2014,Mafia III,Subsidiary of 2K Games
Harebrained Schemes,1,Seattle,Washington,US,2011,Shadowrun ReturnsShadowrun: DragonfallShadowrun: Hong Kong,Acquired by Paradox Interactive in 2018
Harmonix Music Systems,1,Cambridge,Massachusetts,US,1995,Guitar Hero seriesRock Band seriesDance Central series,Former subsidiary of Viacom
Headstrong Games,0,London,,England,2000,Battalion Wars seriesArt Academy series,Subsidiary of Kuju Entertainment; defunct in 2017
Heartbeat,0,Tokyo,,Japan,1992,Dragon Quest VI‚ÄìVII,
HB Studios,1,Lunenburg,Nova Scotia,Canada,2000,The Golf Club series,
HeroCraft,1,Kaliningrad,,Russia,2001,"Warhammer 40,000: Space Wolf",
High Impact Games,1,Burbank,California,US,2003,Ratchet & Clank: Size MattersSecret Agent ClankJak and Daxter: The Lost Frontier,Founded by former employees of Insomniac Games & Naughty Dog
High Moon Studios,1,San Diego,California,US,2005,Transformers: War for Cybertron seriesDeadpool,Subsidiary of Activision
High Voltage Software,1,Hoffman Estates,Illinois,US,1993,The Conduit series,
Hoplon Infotainment,1,Florian√≥polis,Santa Catarina,Brazil,2004,Taikodom,
Hothead Games,1,Vancouver,British Columbia,Canada,2006,DeathSpankSwarm,Founded by former employees of Radical Entertainment
Housemarque,1,Helsinki,,Finland,1995,Super Stardust,
Hudson Soft,0,Tokyo,,Japan,1973,Bomberman seriesAdventure Island seriesFar East of Eden seriesMomotaro Dentetsu seriesMario Party series,Developer/publisher; acquired and dissolved by Konami
Human Entertainment,0,Tokyo,,Japan,1983,Fire Pro Wrestling seriesFormation Soccer seriesTwilight Syndrome series,
Human Head Studios,0,Madison,Wisconsin,US,1997,RunePrey,
Humongous Entertainment,1,Bothell,Washington,US,1992,Fatty Bear's Birthday SurprisePutt-Putt seriesFreddi Fish seriesPajama Sam seriesSpy Fox seriesBackyard Sports series,Former subsidiary of Infogrames; closed in 2006; their assets and brand were acquired by Tommo and relaunched in 2013
Hyperion Entertainment,1,Brussels,,Belgium,1999,,
Ice-Pick Lodge,1,Moscow,,Russia,2002,Pathologic series,
id Software,1,Mesquite,Texas,US,1991,Wolfenstein seriesDoom seriesQuake series,"Acquired by ZeniMax Media in June 24, 2009"
Idea Factory,1,"Shibuya, Tokyo",,Japan,1994,Amnesia series,Developer/publisher
Idol Minds,1,Westminster,Colorado,US,1997,Cool Boarders 3‚Äì4PainNeopets:  Darkest FaerieRally Cross,
Imageepoch,0,Tokyo,,Japan,2005,Luminous Arc seriesFate/Extra series,Defunct in 2016
Image & Form,1,Gothenburg,,Sweden,1997,SteamWorld series,Subsidiary of Thunderful
Imagineer,1,Tokyo,,Japan,1986,Shape Boxing series,
Infinity Ward,1,Woodland Hills,California,US,2002,Call of Duty series,Acquired by Activision in 2003.
Infocom,0,Cambridge,Massachusetts,US,1979,Zork seriesPlanetfall seriesThe Hitchhiker's Guide to the GalaxyLeather Goddesses of Phobos,Closed in 1989.
Incognito Entertainment,0,Salt Lake City,Utah,US,1999,Twisted Metal seriesWarhawk (2007),Formed by former employees of SingleTrac; subsidiary of SCE Worldwide Studios; defunct in 2009
Incredible Technologies,0,Arlington Heights,Illinois,US,1985,Golden Tee Golf,"Defunct in 2016; arcade game designer, arcade game manufacturer"
indieszero,1,Musashino,,Japan,1997,Cooking Guide: Can't Decide What to Eat?,
Innerloop Studios,0,Oslo,,Norway,1996,Project I.G.I. series,Defunct in 2003
Insomniac Games,1,Burbank,California,US,1994,Spyro the Dragon seriesRatchet & Clank seriesResistance seriesSunset OverdriveSpider-Man (2018),Acquired by Sony Interactive Entertainment in 2019 as a division of SIE Worldwide Studios
Intelligent Systems,1,Tokyo,,Japan,1986,Fire Emblem franchiseAdvance Wars seriesPaper Mario seriesPuzzle League series,Developer closely associated with Nintendo
Interplay Entertainment,1,Beverly Hills,California,US,1983,Earthworm Jim seriesClayFighter seriesWastelandFallout seriesThe Bard's Tale series,Developer/publisher
Introversion Software,1,London,,England,2002,DarwiniaDEFCON,
inXile Entertainment,1,Newport Beach,California,US,2002,Wasteland 2The Bard's Tale IV: Barrows Deep,Founded by one of Interplay Entertainment founders; acquired by Microsoft Studios in 2018
IO Interactive,1,Copenhagen,,Denmark,1998,Hitman seriesKane & Lynch series,"Subsidiary of Square Enix until 2017 when they dropped IO, they then became independent"
Ion Storm,0,Dallas,Texas,US,1996,DaikatanaAnachronox,Shut down in 2001; subsidiary of Eidos Interactive
Ion Storm Austin,0,Austin,Texas,US,1997,Deus ExThief: Deadly Shadows,Shut down in 2005; subsidiary of Eidos Interactive
Irem,1,Hakusan,,Japan,1974,R-Type seriesDisaster Report series,Subsidiary of Eizo
Iron Galaxy Studios,1,Chicago,Illinois,US,2008,DivekickBorderlands 2 (PSVita),
Iron Lore Entertainment,0,Maynard,Massachusetts,US,2000,"Titan Quest seriesWarhammer 40,000: Dawn of War ‚Äì Soulstorm",Defunct in 2008
Irrational Games,0,Quincy,Massachusetts,US,1996,System Shock 2Freedom Force seriesBioShock series,Subsidiary of 2K Games; defunct in 2017. Their main employees moved to Ghost Story Games.
Ivory Tower,1,Lyon,,France,2007,The Crew series,Subsidiary of Ubisoft;[15] founded by former employees of Eden Games
Jadestone Group,1,Stockholm,,Sweden,2000,,"Subsidiary of WMS Industries; Online game developer, mobile game developer"
Jagex,1,Cambridge,,England,2001,RuneScape,Subsidiary of Shanghai Fukong Interactive Entertainment (formerly Zhongji Holding); online game developer
Jaleco,0,Tokyo,,Japan,1974,Idol Janshi Suchie-Pai series,Acquired by Game Yarou in 2009 and defunct in 2014
Jam City,1,Los Angeles,California,US,2007,Harry Potter: Hogwarts Mystery,Subsidiary of Netmarble;[16] mobile game developer
Javaground,0,Irvine,Massachusetts,US,2001,God of War: Betrayal,Mobile game developer
Jupiter,1,Kyoto,,Japan,1996,Picross seriesPok√©mon Pinball series,
JV Games,0,Las Vegas,Nevada,US,1999,,
Kairosoft,1,Tokyo,,Japan,1996,Game Dev Story,
Kalypso Media,1,Worms,,Germany,2006,Tropico series,Developer/publisher
Kaos Studios,0,New York City,New York,US,2006,Frontlines: Fuel of WarHomefront,Subsidiary of THQ
Keen Software House,1,Prague,,Czech Republic,2010,Space Engineers,
Kesmai,0,Charlottesville,Virginia,US,1981,Island of Kesmai,Subsidiary of Electronic Arts; closed in 2001
Kiloo Games,1,Aarhus,,Denmark,2000,Subway SurfersFrisbee Forever,Mobile game developer
King,1,Stockholm,,Sweden,2003,Candy Crush series,Subsidiary of Activision Blizzard; Mobile game developer
Koei Tecmo Games (formerly Koei),1,Ashikaga,,Japan,1978,Warriors franchise Dynasty Warriors series Samurai Warriors series Warriors Orochi series Trilogy of Histories franchise  Nobunaga's Ambition series Romance of the Three Kingdoms series Genghis Khan series Ninja Gaiden seriesDead or Alive franchiseNioh seriesFire Emblem: Three Houses,Developer/publisher; subsidiary of Koei Tecmo Holdings
KOG Studios,1,Seoul,,South Korea,2000,Elsword,
Kojima Productions,1,Tokyo,,Japan,2005,Death Stranding,
Konami,1,Tokyo MidtownMinato,,Japan,1969,Gradius seriesContra seriesMetal Gear seriesCastlevania seriesPro Evolution Soccer seriesSilent Hill seriesTwinBee seriesBemani seriesPower Pros seriesProfessional Baseball Spirits seriesMystical Ninja seriesTokimeki Memorial seriesLovePlus seriesSuikoden series,Developer/publisher
Kongzhong,1,Beijing,,China,2002,,
Krome Studios,0,Brisbane,Queensland,Australia,1999,The Legend of Spyro: A New Beginning,Defunct
Krome Studios Melbourne,0,Melbourne,Victoria,Australia,1988,Horace series,Defunct
Kuju Entertainment,1,Shalford,,England,1998,Microsoft Train Simulator,Subsidiary of Catalis SE
Kunos Simulazioni,1,Rome,,Italy,2005,Assetto Corsa series,Subsidiary of Digital Bros
Kush Games,0,Camarillo,California,US,1998,,
Kuma Reality Games,0,New York City,New York,US,2003,,
Kylotonn,1,Paris,,France,2002,WRC 5‚ÄìV-Rally 4,Acquired by Bigben Interactive in 2018[17]
Larian Studios,1,Oudenaarde,,Belgium,1996,Divinity series,
Legacy Interactive,1,Los Angeles,California,US,1998,Emergency Room series,
Legend Entertainment,0,Chantilly,Virginia,US,1989,Spellcasting seriesSuperhero League of HobokenThe Wheel of TimeUnreal II,Closed in 2004.
Legendo Entertainment,1,Gothenburg,,Sweden,2004,,Developer/publisher
Level-5,1,Fukuoka,,Japan,1998,Dark CloudRogue GalaxyProfessor LaytonInazuma ElevenNi no KuniYo-Kai WatchSnack WorldDragon Quest VIII‚ÄìIX,Developer/publisher and founded by Akihiro Hino
Lift London,0,London,,England,2012,videogame developer for Microsoft Hololens,Subsidiary by Microsoft Studios in 2018
Limbic Entertainment,1,Langen,,Germany,2002,Might & Magic X: LegacyMight & Magic Heroes VIITropico 6,
Lionhead Studios,0,Guildford,,England,1997,Black & White seriesFable series,Closed by Microsoft Studios in 2016
Liquid Entertainment,0,Pasadena,California,US,1999,Battle Realms,Dissolved in 2018[18]
Little Green Men Games,1,Zagreb,,Croatia,2006,Starpoint Gemini,
LK Avalon,1,"≈öwilcza, Rzesz√≥w",,Poland,1989,Hans KlossSchizm: Mysterious Journey,
Llamasoft,1,Reading,,England,1982,,
Linden Lab,1,San Francisco,California,US,1999,Second Life,
Locomotive Games,0,Santa Clara,California,US,1997,Jet Moto 3,Defunct in 2008
Looking Glass Studios,0,Cambridge,Massachusetts,US,1990,Ultima Underworld seriesSystem Shock seriesThief series,
LucasArts,0,San Francisco,California,US,1982,Maniac MansionSam & Max Hit the RoadDay of the TentacleMonkey Island seriesThe DigFull ThrottleGrim FandangoStar Wars: The Force Unleashed seriesStar Wars: Battlefront series,"Publisher and former developer; closed as developer of April 3, 2013 by Disney"
Luma Arcade,0,Johannesburg,,South Africa,2006,,Division of Luma Animation
Luxoflux,0,Santa Monica,California,US,1998,True Crime series,
MachineGames,1,Uppsala,,Sweden,2009,Wolfenstein series,Founded by former employees of Starbreeze Studios; acquired by ZeniMax Media in 2010
Magenta Software,0,Liverpool,,England,1994,Buzz! Junior series,
MAGES.,1,"Shibuya, Tokyo",,Japan,2005,Science Adventure franchise Steins;Gate series Robotics;Notes series Chaos;Child series,Subsidiary of Dwango until 2019
Majesco Entertainment,0,Edison,New Jersey,US,1986,,"Defunct December 8, 2016"
Marvelous,1,"Shibuya, Tokyo",,Japan,1997,Senran Kagura seriesSoul Sacrifice series Story of Seasons franchise  Rune Factory series Fate/Extella seriesKandagawa Jet GirlsDaemon X MachinaSuper Monkey Ball: Banana Splitz,Developer/publisher
Massive Entertainment,1,Malm√∂,,Sweden,1997,Ground ControlWorld In ConflictTom Clancy's The Division series,Founded in 1997; former subsidiary of Activision and acquired by Ubisoft in 2008
Masthead Studios,1,Sofia,,Bulgaria,2005,Earthrise,
Maxis,1,Emeryville,California,US,1987,The Sims seriesSimCity series,Became a subsidiary of Electronic Arts in 1997
Mean Hamster Software,0,Deer Park,Washington,US,1985,,
Media Molecule,1,Guildford,,England,2006,LittleBigPlanet seriesTereaway,Founded by former employees of Lionhead Studios; division of SIE Worldwide Studios since 2010
Media.Vision,1,Tokyo,,Japan,1993,Wild Arms seriesChaos Rings seriesDigimon Story: Cyber SleuthSummon Night 6,
Mediatonic,1,London,,England,2005,Robot Unicorn Attack,
MegaZebra,1,Munich,,Germany,2009,,
Mercury Steam,1,Madrid,,Spain,2002,Castlevania: Lords of Shadow series,
Metropolis Software,0,Warsaw,,Poland,1992,TeenagentGorky 17Infernal,Studio was bought by CD Projekt in 2008 and closed in 2009.
MicroProse Software,0,Hunt Valley,Maryland,US,1982,Silent ServiceGunshipPirates!Railroad TycoonCivilization series,
MTO,1,Yokohama,,Japan,1996,GT Advance series,
Microsoft Casual Games,1,Redmond,Washington,US,2013,SolitaireMahjongMinesweeperWordament,Subsidiary by Microsoft Studios
Midway Games,0,Chicago,Illinois,US,1988,Mortal Kombat series,"As of 2012, Midway is a corporation existing under Delaware law subject to a Chapter 11 bankruptcy liquidation plan"
Midway Studios ‚Äì Newcastle,0,Gateshead,,England,1996,Test Drive 4‚Äì6,Defunct in 2009
Milestone,0,"Suginami, Tokyo",,Japan,2003,Chaos Field series,
Milestone srl,1,Milan,,Italy,1996,Superbike seriesMotoGP seriesWRC 1‚Äì4MXGP seriesRide series,Acquired by Koch Media in 2019
Mimimi Games,1,Munich,,Germany,2011,Desperados III,
Mistwalker,1,Tokyo,,Japan,2004,Blue Dragon,
Mitchell Corporation,0,Tokyo,,Japan,1960,PolariumPuzz Loop series,
MLB Advanced Media,1,New York City,New York,US,2000,R.B.I. Baseball 18,
Mojang AB,1,Stockholm,,Sweden,2009,MinecraftScrollsCobalt,"Former Indie developer and publisher; acquired by Microsoft on September 15, 2014"
Monolith Productions,1,Kirkland,Washington,US,1994,F.E.A.R. seriesMiddle-earth: Shadow of Mordor Middle-earth: Shadow of War,Acquired by Warner Bros. Interactive Entertainment in 2004
Monolith Soft,1,Tokyo,,Japan,1999,Xenosaga seriesXenoblade Chronicles seriesProject X Zone series,Founded by Tetsuya Takahashi and former subsidiary of Namco; acquired by Nintendo as a first-party developer and subsidiary in 2007
Monster Games,1,Northfield,Minnesota,US,1996,NASCAR Heat series,
Mythic Entertainment,0,Fairfax,Virginia,US,1995,Dark Age of Camelot,Acquired by Electronic Arts in 2006 and closed in 2014
Nadeo,1,Paris,,France,2000,TrackMania,Acquired by Ubisoft in 2009
Namco Tales Studio,0,Tokyo,,Japan,1986,Tales series,Originally it was division or subsidiary of Telenet Japan but it became a jointly-owned company of Namco and Telenet Japan
Nanobit,1,Zagreb,,Croatia,2008,,
NAPS team,1,Messina,,Italy,1993,Gekido series,NAPS team is the oldest Italian development studio
Natsume,1,"Shinjuku, Tokyo",,Japan,1987,Harvest Moon seriesMetabots series,
NaturalMotion,1,London,,England,2001,Backbreaker series,Acquired by Zynga
Naughty Dog,1,Santa Monica,California,US,1986,Crash Bandicoot seriesJak and Daxter seriesUncharted seriesThe Last of Us series,Division of SIE Worldwide Studios since 2001
NCSoft,1,Seoul,,South Korea,1997,AionLineage seriesBlade & Soul,Online game developer/publisher
NDcube,1,Tokyo,,Japan,2000,Wii Party seriesMario Party series,Subsidiary of Nintendo
NDOORS Corporation,0,Seoul,,South Korea,1999,Atlantica Online,Developer/publisher; subsidiary of Nexon; merged into Nexon Red in 2017[19]
Neko Entertainment,0,Montreuil-sous-Bois,,France,1998,CocotoThe Mysterious Cities of Gold: Secret PathsKung Fu RabbitPuddle,Developer/publisher; defunct in 2017
Neowiz,1,Seoul,,South Korea,1997,Bless Online,
Nerve Software,1,Richardson,Texas,US,1999,,
NetDevil,0,Louisville,Colorado,US,1997,LEGO Universe,
NetDragon Websoft,1,Fuzhou,,China,1999,Disney Fantasy Online,
NetEase,1,Guangzhou,,China,1997,Fantasy Westward Journey,"Developer, publisher, and online services company"
NetherRealm Studios,1,Chicago,Illinois,US,2010,Mortal Kombat seriesInjustice: Gods Among Us Injustice 2,Successor to Midway Games; Subsidiary of Warner Bros. Interactive Entertainment
Neverland,0,Tokyo,,Japan,1993,Rune Factory series,
Neversoft,0,Woodland Hills,California,US,1994,Guitar Hero seriesTony Hawk seriesGun,Acquired by Activision in 1999; merged into Infinity Ward in 2014
Nevosoft,1,St. Petersburg,,Russia,2002,,
New World Computing,0,Agoura Hills,California,US,1984,Might and Magic franchise Heroes of Might and Magic series,
NexonNexon Korea,1,TokyoSeoul,,JapanSouth Korea,20021994,MapleStoryMabinogiVindictusAtlantica Online,"Online video game developer, publisher and distributor; moved its headquarters from Korea to Japan."
Next Level Games,1,Vancouver,British Columbia,Canada,2002,Super Mario StrikersLuigi's Mansion: Dark MoonLuigi's Mansion 3Spider-Man: Friend or Foe,
NGD Studios,1,Buenos Aires,,Argentina,2002,Regnum OnlineMaster of Orion: Conquer the Stars,
Niantic,1,San Francisco,California,US,2010,IngressPok√©mon Go,
Nibris,0,Krak√≥w,,Poland,2000,,
Nicalis,1,Santa Ana,California,US,2007,VVVVVVCave StoryNightSky1001 SpikesThe Binding of Isaac: RebirthCrystal Crisis,Indie developer/publisher
Nihon Falcom,1,Tokyo,,Japan,1981,Ys seriesDragon Slayer series The Legend of Heroes franchise  Xanadu series The Legend of Heroes: Trails of Cold Steel series Zwei!!Zwei: The Ilvard InsurrectionBrandishVantage MasterGurumin: A Monstrous Adventure,Developer/publisher
Nikita Online,1,St. Petersburg,,Russia,1991,,
Ninjabee,1,Orem,Utah,US,2005,,Division of Wahoo Studios
Ninja Theory,1,Cambridge,,England,2000,Heavenly SwordEnslaved: Odyssey to the WestDmC: Devil May CryHellblade: Senua's Sacrifice,Former Indie developer and publisher; acquired by Microsoft Studios in 2018
Nintendo,1,Kyoto,,Japan,1889,Super Mario franchiseThe Legend of Zelda franchisePok√©mon franchiseFire Emblem franchiseSplatoon seriesMetroid franchiseKid Icarus seriesPikmin seriesXenoblade Chronicles seriesAnimal Crossing seriesF-Zero seriesStar Fox seriesKirby franchiseMother seriesSuper Smash Bros. seriesMiitopiaBrain Age seriesTomodachi Life,First-party developer/publisher/console manufacturer
Nippon Ichi Software,1,Kakamigahara,,Japan,1991,Rhapsody: A Musical AdventureLa Pucelle: TacticsDisgaea seriesPhantom BraveGrimGrimoireHotaru no Nikki,Developer/publisher
Nival,1,St. Petersburg,,Russia,1996,Etherlords seriesBlitzkrieg seriesHeroes of Might and Magic V,
Nordeus,1,Belgrade,,Serbia,2009,Top Eleven Football Manager,Developer/publisher
NovaLogic,0,Agoura Hills,California,US,1985,Delta Force seriesJoint Operations series,Their assets were acquired by THQ Nordic
Novarama,1,Barcelona,,Spain,2003,Invizimals series,
Now Production,1,Osaka,,Japan,1986,Mario Super SluggersSonic Riders,
n-Space,0,Orlando,Florida,US,1994,"Heroes of RuinPort for various video games, include Call of Duty series",
Obsidian Entertainment,1,Irvine,California,US,2004,Fallout New VegasNeverwinter Nights 2Dungeon Siege IIISouth Park: The Stick of TruthPillars of EternityThe Outer Worlds,Acquired by Microsoft Studios in 2018
Oddworld Inhabitants,1,San Luis Obispo,California,US,1994,Oddworld series,
Omega Force,1,Ashikaga,,Japan,1997,Warriors franchise Dynasty Warriors series Dynasty Warriors: Gundam series Samurai Warriors series Warriors Orochi series One Piece: Pirate Warriors series Hyrule Warriors Fire Emblem Warriors Dragon Quest Heroes seriesDragon Quest Builders 2Persona 5 Scramble,Division of Koei Tecmo Games
Origin Systems,0,Austin,Texas,US,1983,Ultima seriesUltima OnlineWing Commander series,Acquired by Electronic Arts in 1992 and closed in 2004
OtherSide Entertainment,1,Boston,Massachusetts,US,2013,Underworld AscendantSystem Shock 3,Founded by one of Looking Glass Studios founders.
Outrage Entertainment,0,Ann Arbor,Michigan,US,1996,Descent 3,Closed in 2004
Overkill Software,1,Stockholm,,Sweden,2009,Payday series,Acquired by Starbreeze Studios in 2012
Oxygen Studios,0,Croydon,,England,2006,King of Clubs,
Page 44 Studios,0,San Francisco,California,US,1998,FreekstyleHigh School Musical 3: Senior Year DanceMadden NFL 11 iOSuDraw PictionaryWorld of Goo iOS,Subsidiary of Zynga; closed in 2011.
Pangea Software,1,Austin,Texas,US,1987,,
People Can Fly,1,Warsaw,,Poland,2002,BulletstormPainkiller,
Project Sora,0,Tokyo,,Japan,2009,Kid Icarus: Uprising,Subsidiary of Nintendo; became defunct in 2012
Papaya Studio,0,Irvine,California,US,1999,,
Project Soul,1,Tokyo,,Japan,1996,Soul series,Division of Bandai Namco Studios
Panther Games Pty Ltd,1,Canberra,,Australia,1985,Fire-BrigadeCommand Ops: Battles from the Bulge,
Paradox Development Studio,1,Stockholm,,Sweden,1995,Europa Universalis seriesHearts of Iron seriesCrusader Kings series,In-house development studio and subsidiary of Paradox Interactive
Parallax Software,0,Ann Arbor,Michigan,US,1993,Descent series,Split into Volition and Outrage Entertainment
Pandemic Studios,0,Los Angeles,California,US,1998,Star Wars: BattlefrontDestroy All Humans! seriesFull Spectrum WarriorMercenaries: Playground of DestructionThe Saboteur,Acquired by Electronic Arts in 2007 and closed in 2009.
Pendulo Studios,1,Madrid,,Spain,1993,Runaway series,
Penguin Software,0,Geneva,Illinois,US,1978,Transylvania series,
Perfect World,1,Beijing,,China,2004,Perfect World series,Developer/publisher
Petroglyph,1,Las Vegas,Nevada,US,2003,Star Wars: Empire at WarUniverse at War: Earth AssaultGrey Goo,
Phantagram,1,Seoul,,South Korea,1994,Kingdom Under Fire series,Acquired by Blueside in 2010[20]
Phenomic Game Development,0,Ingelheim am Rhein,,Germany,1997,SpellForce seriesBattleForgeLord of UltimaCommand and Conquer: Tiberium Alliances,Acquired by Electronic Arts in 2006; shut down in 2013
Pipeworks Studios,1,Eugene,Oregon,US,1999,Godzilla: Destroy All Monsters MeleeDeadliest WarriorZumba Fitness,Subsidiary of Northern Pacific Group
Piranha Bytes,1,Essen,,Germany,1997,Gothic 1‚Äì3Risen seriesELEX,Acquired by THQ Nordic in 2019
Piranha Games,1,Vancouver,British Columbia,Canada,2000,MechWarrior 5MechWarrior OnlineBass Pro Shops: The StrikeDie Hard: Nakatomi Plaza,
Pi Studios,0,Houston,Texas,US,2002,Bomberman Live: Battlefest,
Pivotal Games,0,Bath,,England,2000,Conflict seriesThe Great Escape,
Pixel Federation,1,Bratislava,,Slovakia,2007,Galactic Junk League,Developer/Publisher
Playdom,0,San Francisco,California,US,2009,,"Facebook, Myspace game developer Subsidiary of The Walt Disney Company; closed in 2016"
Playfish,0,London,,England,2007,The Sims Social,"Facebook, Myspace game developer Acquired by Electronic Arts; closed in 2013"
PlayFirst,0,San Francisco,,US,2004,,"Acquired by Glu Mobile in 2014; Casual game developer, publisher and portal"
Playground Games,1,Royal Leamington Spa,,England,2009,Forza Horizon series,Acquired by Microsoft Studios in 2018
PlatinumGames,1,Osaka,,Japan,2006,MadWorldBayonetta seriesVanquishMetal Gear Rising: RevengeanceThe Wonderful 101Star Fox ZeroNier: AutomataAstral Chain,"Successor to Clover Studio, and founded by Shinji Mikami,¬†Atsushi Inaba, and¬†Hideki Kamiya."
Polyphony Digital,1,Tokyo,,Japan,1998,Gran Turismo seriesTourist Trophy,Division of SIE Worldwide Studios
PopCap Games,1,Seattle,Washington,US,2000,Bejeweled seriesPlants vs. Zombies seriesPeggle seriesZuma,"Casual game developer, publisher and portal; subsidiary of Electronic Arts since 2011"
Press Play,0,Copenhagen,,Denmark,2006,Max & the Magic MarkerMax: The Curse of Brotherhood,Former subsidiary of Microsoft Studios; defunct in March 2016
Psyonix,1,San Diego,California,US,2001,Rocket LeagueXCOM: Enemy Unknown,Acquired by Epic Games in 2019
Punch Entertainment,1,Hanoi,,Vietnam,2005,,"Subsidiary of Evolable Asia¬†[ja]; Casual games, social games developer"
Pyro Mobile,1,Madrid,,Spain,1996,Commandos series,Subsidiary of Zed Group; their assets were acquired by Kalypso Media[21]
Q Entertainment,0,Tokyo,,Japan,2003,Lumines series,Acquired by Sanyo Kasei Seisakusho in 2013 and the parent company was defunct in 2018.
Q-Games,1,Nakagy≈ç-ku,,Japan,2001,Star Fox CommandPixelJunk seriesThe Tomorrow Children,
Quantic Dream,1,Paris,,France,1997,FahrenheitHeavy RainBeyond: Two SoulsDetroit: Become Human,
Quest Corporation,0,Tokyo,,Japan,1988,Ogre Battle series,The game development division was acquired by Square in 2002
Radical Entertainment,0,Vancouver,,Canada,1991,Prototype series,Shut down by Activision and dissolved in 2013[22]
Rage Games,0,Liverpool,,England,1992,Incoming series,Defunct in 2003
Rainbow Studios,0,Phoenix,Arizona,US,1996,MX vs. ATV series,"Acquired by THQ, later closed by THQ"
Rare,1,Twycross,,England,1985,Battletoads seriesDonkey Kong Country seriesKiller Instinct seriesBanjo-Kazooie seriesDonkey Kong 64GoldenEye 007Conker's Bad Fur DayPerfect Dark seriesSea of Thieves,Successor to Ultimate Play the Game; second-party developer for Nintendo; turned; Acquired by Microsoft Studios in 2002 as a first-party developer
Raven Software,1,Middleton,Wisconsin,US,1990,HereticHexenSingularityCall of Duty seriesStar Wars Jedi Knight II: Jedi OutcastSoldier of Fortune II: Double HelixMarvel: Ultimate Alliance,Acquired by Activision in 1997
Ready at Dawn,1,Irvine,California,US,2003,DaxterThe Order: 1886DeformersLone Echo,Formed by former members of Naughty Dog and Blizzard Entertainment
Red Entertainment,1,Tokyo,,Japan,"1976 (as the Red Company), 2000 (as Red Entertainment)",Sakura Wars seriesGungrave series,Developer/publisher; acquired by Oizumi Corporation¬†[ja] in 2014
Reality Pump Studios,1,Krak√≥w,,Poland,1995,Two Worlds series,Division of TopWare Interactive
Realtime Associates,1,Los Angeles,California,US,1986,,
Realtime Worlds,0,Dundee,,Scotland,2002,Crackdown,Closed in 2010
Rebellion Developments,1,Oxford,,England,1992,Aliens vs. Predator seriesSniper Elite series,
Rebellion Warwick,1,Leamington Spa,,England,2013,SkySaga: Infinite Isles,Formed by former employees of Blitz Games Studios; acquired by Rebellion Developments in 2018
RedLynx,1,Helsinki,,Finland,2000,Trials series,Subsidiary of Ubisoft
Red Thread Games,1,Oslo,,Norway,2012,Dreamfall Chapters: The Longest Journey,Founded by former employees of Funcom
Red Storm Entertainment,1,Cary,North Carolina,US,1996,Tom Clancy's Ghost ReconTom Clancy's Rainbow Six,Acquired by Ubisoft in 2000
RedTribe (Tribalant),0,Melbourne,Victoria,Australia,2003,,
Reflexive Entertainment,0,Lake Forest,California,US,1997,Airport Mania series,Subsidiary of Amazon.com
Relic Entertainment,1,Vancouver,British Columbia,Canada,1997,Company of Heroes seriesWarhammer 40000: Dawn of War seriesHomeworld series,Acquired by Sega in 2013
Remedy Entertainment,1,Espoo,,Finland,1995,Max Payne seriesAlan Wake seriesControl,
Respawn Entertainment,1,"Sherman Oaks, Los Angeles",California,US,2010,TitanfallApex Legends,Acquired by Electronic Arts in 2017.
Reto-Moto,1,Copenhagen,,Denmark,2008,Heroes & Generals,
Retro Studios,1,Austin,Texas,US,1998,Metroid Prime seriesDonkey Kong Country series,First-party developer and subsidiary of Nintendo
Revolution Software,1,York,,England,1990,Broken Sword seriesBeneath a Steel Sky,
Riot Games,1,Santa Monica,California,US,2006,League of Legends,Acquired by Tencent in 2011
Rising Star Games,1,Luton,,England,2004,,Acquired by Thunderful in 2018
Robot Entertainment,1,Plano,Texas,US,2009,Orcs Must Die! seriesHero Academy seriesAge of Empires Online,
Rockstar GamesRockstar IndiaRockstar LeedsRockstar LincolnRockstar LondonRockstar New EnglandRockstar NorthRockstar San DiegoRockstar Toronto,1,New York CityBangaloreLeedsLincolnLondonBallardvaleEdinburghCarlsbadOakville,New YorkKarnatakaMassachusettsCaliforniaOntario,USIndiaEnglandEnglandEnglandUSScotlandUSCanada,1.9982E+35,Grand Theft Auto franchiseManhunt seriesMidnight Club seriesRed Dead seriesBully,Developer/publisher; owned by Take-Two Interactive
Rocksteady Studios,1,London,,England,2005,Batman: Arkham series,Subsidiary of Warner Bros. Interactive Entertainment
Robinson Technologies,1,Hiroshima,,Japan,,Dink Smallwood,
Rovio Entertainment,1,Espoo,,Finland,2003,Angry Birds franchise,"Publisher, developer and distributor"
Ruffian Games,1,Dundee,,Scotland,2008,Crackdown 2,
Runic Games,0,Seattle,Washington,US,2008,Torchlight,Subsidiary of Perfect World; closed in 2017
Running with Scissors,1,Tucson,Arizona,US,1997,Postal series,
Saber Interactive,1,Millburn,New Jersey,US,2001,World War Z,Acquired by Embracer Group in 2020.[23]
Sand Grain Studios,0,Bucharest,,Romania,2002,Cabela's Big Game Hunter: 2004 Season,Dissolved in 2009[24]
Sandlot,1,Tokyo,,Japan,2001,Earth Defense Force series,Formed by former employees of Human Entertainment
Sanzaru Games,1,Foster City,California,US,2006,Sly Cooper: Thieves in TimeSonic Boom: Shattered CrystalSonic Boom: Fire & Ice,Acquired by Facebook in 2020.[25]
Sir-Tech,0,Ogdensburg,,USCanada,1979,Wizardry seriesJagged Alliance series,
Schell Games,1,Pittsburgh,Pennsylvania,US,2002,I Expect You To Die,Developer and publisher
SCS Software,1,Prague,,Czech Republic,1997,18 Wheels of Steel seriesEuro Truck Simulator series,
Sega,1,"Ota, Tokyo,San Francisco",California,"Japan,US",1960,Sonic the Hedgehog franchiseGolden Axe seriesStreets of Rage seriesThe House of the Dead seriesSuper Monkey Ball seriesPuyo Puyo seriesJet Set Radio seriesPhantasy Star seriesSakura Wars seriesYakuza seriesValkyria Chronicles seriesMushiking seriesHatsune Miku: Project DIVA series,"Third-party (Formerly first-party) developer, publisher, and former console manufacturer; subsidiary of Sega Sammy Holdings"
SEGA Interactive R&D Division 1 (Sega AM1),1,Tokyo,,Japan,1984,World Club Champion Football series,Division of SEGA Interactive
SEGA Interactive R&D Division 2 (Sega AM2),1,Ota,,Japan,1985,Virtua Fighter seriesShenmue seriesBorder Break series,"Division of SEGA Interactive, founded by Yu Suzuki"
Sega AM3,0,Tokyo,,Japan,1991,Crazy Taxi seriesVirtua Tennis series,Division of Sega
Sega CS Research and Development No. 2 (Sonic Team),1,Tokyo,,Japan,1996,Sonic The Hedgehog franchisePuyo Puyo seriesProject Sakura Wars,Division of SEGA Games
Sega Sports R&D,0,Tokyo,,Japan,1994,Panzer Dragoon seriesJet Set Radio seriesLet's Make a Soccer Team! seriesMario & Sonic at the Olympic Games series,Division of Sega
Sensible Software,0,Cambridge,,England,1986,Sensible Soccer seriesCannon Fodder seriesMega Lo ManiaWizballWizkidMicroprose SoccerShoot-'Em-Up Construction KitParallaxSensible Golf,"Developer, studio closed and company acquired by Codemasters in 1999"
Shift,1,Kanagawa,,Japan,1996,Ape Escape Academy seriesGod Eater series,
SIE Bend Studio,1,Bend,Oregon,US,"1993 (Founded as Blank, Berlyn and Co., later Eidetic)",Syphon Filter seriesDays Gone,"Founded by Blank, Berlyn and Co. and Eidetic, acquired by Sony Interactive Entertainment as a part of SIE Worldwide Studios in 2000."
SIE San Mateo Studio (formerly SIE Foster City Studio),1,San Mateo,California,US,1998,,Division of SIE Worldwide Studios; relocated from Foster City to San Mateo
SIE Japan Studio,1,Tokyo,,Japan,1993,Ape Escape seriesIcoShadow of the ColossusSiren seriesPatapon seriesLoco Roco seriesGravity Rush seriesKnack seriesThe Last Guardian,Division of SIE Worldwide Studios
SIE London Studio,1,London,,England,2002,SingStar series,Division of SIE Worldwide Studios
SIE San Diego Studio,1,San Diego,California,US,2001,MLB: The Show series,Division of SIE Worldwide Studios
SIE Santa Monica Studio,1,Los Angeles,California,US,1999,God of War series,Division of SIE Worldwide Studios
SCE Studio Liverpool,0,Liverpool,,England,1984,Wipeout seriesFormula One seriesColony Wars series,"Former Division of SIE Worldwide Studios; shut down by Sony on August 22, 2012"
SIE Worldwide Studios,1,"Tokyo, Fukuoka, Santa Monica, Los Angeles, San Diego, Bend, Amsterdam, London, Guildford, Cambridge","California, Washington, Oregon","Japan, US, Netherlands, England",2005,,A group of first-party development studios and subsidiaries owned by Sony Interactive Entertainment
SingleTrac,0,Salt Lake City,Utah,US,1994,Twisted Metal 1‚Äì2Jet Moto 1‚Äì2Warhawk (1995),Defunct in 2000
Shengqu Games,1,Shanghai,,China,1999,,Acquired by Zhejiang Century Huatong in 2017
Sherman3D,1,Petaling Jaya,,Malaysia,2003,Alpha Kimori,
Shin'en Multimedia,1,Munich,,Germany,1999,Fast Racing League series,
Sierra Entertainment,0,Oakhurst,California,US,1979,Mystery HouseKing's Quest seriesSpace Quest seriesPolice Quest seriesLeisure Suit Larry seriesQuest for Glory seriesGabriel Knight series,Subsidiary of Activision; internal development ceased in 1999; closed in 2004
Silicon Knights,0,St. Catharines,Ontario,Canada,1992,Blood Omen: Legacy of KainEternal Darkness: Sanity's RequiemToo Human,Closed in 2014
Silicon Studio,0,Tokyo,,Japan,2000,Bravely Default series,They still develop game middlewares but their game contents division was sold to CREEK & RIVER.[26]
Simtex,0,Austin,Texas,US,1988,Master of Orion seriesMaster of Magic,Closed in 1997
Slant Six Games,0,Vancouver,British Columbia,Canada,2005,SOCOM U.S. Navy SEALs seriesResident Evil: Operation Raccoon City,Defunct in 2013
Sledgehammer Games,1,Foster City,California,US,2009,Call of Duty: Advanced Warfareco-developer of Call of Duty: Modern Warfare 3,Subsidiary of Activision
Snail,1,Suzhou,,China,2000,Voyage Century Online,
Slightly Mad Studios,1,London,,England,2008,Project CARS series,Acquired by Codemasters in 2019[27]
Slipgate Ironworks,1,Aars,,Denmark,2017,Rad Rodgers,Formed by former employees of Interceptor Entertainment
Slitherine Software,1,Epsom,,England,2000,Horrible Histories: Ruthless Romans,
Smilegate,1,Seoul,,South Korea,2002,CrossFire,
SNK,1,Osaka,,Japan,2001,Fatal Fury seriesThe King of Fighters seriesMetal Slug seriesSamurai Showdown seriesThe Last Blade seriesWorld Heroes series,Acquired by 37Games in 2015; game hardware and software developer/publisher/manufacture
Sobee Studios,1,Istanbul,,Turkey,2000,I Can FootballS√ºpercan,Merged into TTNET
Snowblind Studios,0,Seattle,Washington,US,1997,Top Gear OverdriveChampions of Norrath,Subsidiary of Warner Bros. Interactive Entertainment; defunct in 2012
Software 2000,0,Eutin,,Germany,1987,Pizza Tycoon series,Closed in 2002
Sony Interactive Entertainment,1,San Mateo,California,US,1994,Various titles,"First-party developer, publisher and console manufacturer"
Sora Ltd.,1,Tokyo,,Japan,2005,Kid Icarus: UprisingSuper Smash Bros. for Nintendo 3DS and Wii USuper Smash Bros. Ultimate,
Spellbound Entertainment,0,Offenburg,,Germany,1994,Desperados seriesArcania: Gothic 4,Closed in 2012
Spiders,1,Paris,,France,2008,The TechnomancerGreedFall,Acquired by Bigben Interactive in 2019[28]
Spike,0,Tokyo,,Japan,1991,Dragon Ball Z: Budokai Tenkaichi series,Merged with Chunsoft to become Spike Chunsoft in 2012
Spike Chunsoft,1,Tokyo,,Japan,2012,Zero Escape seriesDanganronpa franchiseAI: The Somnium FilesMystery Dungeon franchise Pok√©mon Mystery Dungeon series,The result of a merger between Spike and Chunsoft and is owned by Dwango
Spil Games,1,Hilversum,,Netherlands,2001,,Web game developer/publisher. The mobile game division was acquired by Azerion.[29]
Splash Damage,1,London,,England,2001,Enemy Territory: Quake WarsBrinkDirty Bomb,Subsidiary of Leyou
Sproing Interactive Media,0,Vienna,,Austria,2001,Cursed Mountain,Defunct in 2017; their assets were acquired by Purple Lamp
Square Enix,1,"Shinjuku, Tokyo",,Japan,1975,Final Fantasy franchiseMana seriesSaGa seriesChrono TriggerBrave Fencer MusashiStar Ocean franchiseValkyrie Profile seriesKingdom Hearts franchiseDragon Quest franchiseDrakengard series Nier series Bravely Default seriesOctopath TravelerFront Mission series,Developer/publisher; previously known as Square Co. and Enix
Squad,1,Mexico City,,Mexico,2009,Kerbal Space Program series,
Stainless Games,1,Newport,,England,1993,Magic: The Gathering ‚Äì Duels of the Planeswalkers series,
Stainless Steel Studios,0,Cambridge,Massachusetts,US,1998,Empire Earth,Closed in 2005
Starbreeze Studios,1,Uppsala,,Sweden,1998,EnclaveRiddickSyndicateBrothers: A Tale of Two Sons,
Stardock,1,Plymouth,Michigan,US,1991,Galactic Civilizations series,Developer/publisher
Sting Entertainment,1,Tokyo,,Japan,1989,Baroque seriesDungeon Travelers series,
Strategic Simulations,0,Sunnyvale,California,US,1979,Gold Box seriesPanzer General series,Closed in 1994
Stoic Studio,1,Austin,Texas,US,2011,The Banner Saga series,Founded by former employees of BioWare
Strawdog Studios,1,Derby,,England,2003,Geon series,
Straylight Studios,0,Dunedin,,New Zealand,2004,,Closed in 2009
Streamline Studios,1,Kuala Lumpur,,Malaysia,2001,,
Success,1,Tokyo,,Japan,1978,Touch Detective series,
Sucker Punch Productions,1,Bellevue,Washington,US,1997,Rocket: Robot on WheelsSly Cooper seriesInfamous seriesGhost of Tsushima,Division of SIE Worldwide Studios since 2011
Sumo Digital,1,Sheffield,,England,2003,LittleBigPlanet 3Crackdown 3,
Supercell,1,Helsinki,,Finland,2010,Clash of ClansHay DayBoom BeachClash Royale,Subsidiary of Tencent
Supermassive Games,1,Guildford,,England,2008,Until Dawn,
SuperVillain Studios,1,Orange County,California,US,2004,Order Up!,acquired by Nicalis in 2017
Survios,1,Los Angeles,California,US,2013,,
Studio Wildcard,1,Kirkland,Washington,US,2014,Ark: Survival Evolved,
Swingin' Ape Studios,0,Aliso Viejo,California,US,2000,Metal Arms: Glitch in the System,Acquired by Blizzard Entertainment
StormRegion,0,Budapest,,Hungary,2001,S.W.I.N.E.Codename: Panzers series,Acquired by 10tacle Studios AG in 2007 and then defunct in 2008
Sunstorm Interactive,0,Indianapolis,Indiana,US,1995,Deer Hunter series,Defunct in 2003
Syn Sophia,1,Tokyo,,Japan,1995,WCW/nWo RevengeSimCity DS seriesStyle Savvy seriesPretty Series franchise Pretty Rhythm series PriPara series Pri Chan series,
SystemSoft Beta,1,Tokyo,,Japan,1999,Daisenryaku series,"Subsidiary of Nippon Ichi Software, successor of SystemSoft Alpha[30]"
Taito,1,"Shinjuku, Tokyo",,Japan,1953,Space InvadersBubble Bobble series,Developer/publisher; acquired by Square Enix
Tango Gameworks,1,"Minato, Tokyo",,Japan,2010,The Evil Within series,Acquired by ZeniMax Media in 2010
Tag Games,1,Dundee,,Scotland,2006,,
TaleWorlds Entertainment,1,Ankara,,Turkey,2005,Mount & Blade series,
Tamsoft,1,Asakusa,,Japan,1992,OneeChanbara seriesSenran Kagura series,
T&E Soft,0,Aichi,,Japan,1982,Hydlide series,Merged into Spike Chunsoft in 2013
Tantrumedia,1,Wirral,,England,2003,,
Tantalus Media,1,Melbourne,Victoria,Australia,1994,,
Tarsier Studios,1,Malm√∂,,Sweden,2004,Little Nightmares,Acquired by Embracer Group in 2019.[31]
Tate Multimedia,1,Warsaw,,Poland,2002,Urban Trial Freestyle,
Team17,1,Ossett,,England,1990,Alien Breed seriesWorms seriesThe Escapists series,
Team Bondi,0,Sydney,New South Wales,Australia,2003,L.A. Noire,Closed in 2011
Team Ico,0,Tokyo,,Japan,1997,IcoShadow of the Colossus,Division of SIE Japan Studio; Their staffs moved to genDESIGN
Team Ninja,1,Tokyo,,Japan,1995,Ninja Gaiden seriesDead or Alive franchiseNioh seriesMarvel Ultimate Alliance 3,Division of Koei Tecmo Games; formerly a division of Tecmo
Techland,1,Ostr√≥w Wielkopolski,,Poland,1991,Chrome seriesCall Of Juarez seriesDead Island seriesDying Light,Developer/publisher
Tecmo,0,Tokyo,,Japan,1967,Ninja Gaiden seriesDead or Alive franchiseMonster Rancher seriesGallop Racer seriesFatal Frame series,Tecmo and Koei co-founded Koei Tecmo Holdings in 2009 and Tecmo was merged into Koei Tecmo Games in 2010
Telltale Games,0,San Rafael,California,US,2004,Sam & Max episodic seriesThe Walking Dead seriesThe Wolf Among UsTales from the BorderlandsGame of ThronesMinecraft: Story Mode,Founded by former employees of LucasArts
Tencent,1,Shenzhen,,China,1998,,"Developer, publisher, online services company"
Tencent Games,1,Shenzhen,,China,2003,Ring of Elysium,Division of Tencent Interactive Entertainment
Tequila Works,1,Madrid,,Spain,2009,Deadlight,
Terminal Reality,0,Lewisville,Texas,US,1994,Monster Truck Madness series,Closed in 2013
Tetris Online,0,Honolulu,Hawaii,US,2006,Tetris Friends,Closed in 2019
Teyon,1,Krak√≥w,,Poland,2006,Heavy Fire series,
The Chinese Room,1,Brighton,,England,2007,Amnesia: A Machine For Pigs,Subsidiary of Sumo Digital
The Coalition,1,Vancouver,,Canada,2010,Gears of War series,Subsidiary of Microsoft Studios
The Farm 51,1,Gliwice,,Poland,2005,Get Even,
The Initiative,1,Santa Monica,,US,2018,,Subsidiary of Microsoft Studios
THQ,0,Agoura Hills,California,US,1989,,"Developer/publisher; defunct in 2013; their assets were acquired by Nordic Games, 505 Games, or Gearbox Software[32]"
THQ Nordic,1,ViennaKarlstad,,AustriaSweden,2011,SpellForce 3,Developer/publisher
Three Fields Entertainment,1,Petersfield,,England,2014,Danger Zone series,Founded by the founders of Criterion Games
Three Rings Design,0,San Francisco,California,US,2001,Doctor Who: Worlds in Time,
TimeGate Studios,0,Sugar Land,Texas,US,1998,Kohan seriesSection 8 series,
TiMi Studios,1,Shenzhen,,China,2008,Call of Duty: Mobile,Subsidiary of Tencent Games
Toaplan,0,Tokyo,,Japan,1984,Snow Bros.,Developer of arcade games; went bankrupt and closed in 1994
ToeJam & Earl Productions,0,San Francisco,,US,1989 (as Johnson Voorsanger Productions),ToeJam & Earl series,Founded by Mark Voorsanger and Greg Johnson; became defunct in 2003
TopWare Interactive,1,Karlsruhe,,Germany,1995,,Publisher (developing in Reality Pump Studios division)
Torpex Games,0,Bellevue,Washington,US,2005,Schizoid,
Torus Games,1,Bayswater,Victoria,Australia,1994,Scooby-Doo! First FrightsScooby-Doo! and the Spooky SwampShrek Smash n' Crash RacingMonster Jam,
Tose,1,Kyoto,,Japan,1979,The Legendary Starfy seriesDragon Quest Monsters seriesSlime seriesWorld of Final Fantasy,
Toys for Bob,1,Novato,California,US,1989,Skylanders seriesSpyro Reignited Trilogy,Subsidiary of Activision
Trapdoor,0,Montreal,Quebec,Canada,2010,Warp,
Transmission Games,0,Melbourne,Victoria,Australia,1996,Heroes of the PacificHeroes Over Europe,Closed in 2009
Traveller's Tales,1,Knutsford,,England,1990,Lego series,Subsidiary of TT Games
Treyarch,1,Santa Monica,California,US,1996,Call of Duty seriesSpider-Man (2002),Acquired by Activision in 2001.
Treasure,1,Tokyo,,Japan,1992,Gunstar HeroesDynamite HeaddyGuardian HeroesAlien SoldierBangai-OIkarugaSin and PunishmentSin & Punishment: Star SuccessorGaist Crusher,
tri-Ace,1,Tokyo,,Japan,1995,Star Ocean franchiseValkyrie Profile series,Acquired by Nepro Japan (currently NJ Holdings¬†[ja]) in 2015
tri-Crescendo,1,Tokyo,,Japan,1999,Digimon World Re:Digitize series,
Trion Worlds,0,Redwood City,California,US,2006,Rift,Defunct in 2018; their assets were acquired by Gamigo¬†[de][33]
Tripwire Interactive,1,Roswell,Georgia,US,2005,Killing Floor seriesRed Orchestra: Ostfront 41-45,
Triumph Studios,1,Delft,,Netherlands,1997,Age of Wonders seriesOverlord series,Acquired by Paradox Interactive
Turn 10 Studios,1,Redmond,Washington,US,2001,Forza Motorsport series,Subsidiary of Microsoft Studios
Turtle Rock Studios,1,Lake Forest,California,US,2002,Left 4 Dead seriesEvolve,
Two Point Studios,1,Surrey,,England,2016,Two Point Hospital,Formed by former employees of Lionhead Studios; acquired by Sega in 2019
Two Tribes,1,Amersfoort,,Netherlands,2000,Toki Tori,
Typhoon Games (HK),1,Hong Kong SAR,,China,2001,,Subsidiary of Typhoon Entertainment (Asia)
Ubisoft,1,Montreuil-sous-Bois,,France,1986,Rayman seriesAssassin's Creed seriesJust Dance seriesPrince of Persia seriesFar Cry seriesZombiUTom Clancy's Ghost Recon seriesTom Clancy's Rainbow Six seriesTom Clancy's Splinter Cell seriesBeyond Good & Evil series,Developer/publisher
Ubisoft Blue Byte,1,D√ºsseldorf,,Germany,1988,Battle Isle seriesThe Settlers seriesAnno series,Acquired by Ubisoft
Ubisoft Reflections,1,Newcastle upon Tyne,,England,1984,Driver seriesDestruction Derby series,Acquired by Ubisoft
UEP Systems,0,Tokyo,,Japan,1985,Cool Boarders series,Defunct in 2001
Ultimate Play the Game,0,Ashby-de-la-Zouch,,England,1982,JetpacLunar JetmanAtic AtacSabreman seriesAlien 8,Predecessor to Rare; Defunct in 1988
Undead Labs,1,Seattle,,US,2009,State of Decay series,Acquired by Microsoft Studios in 2018
United Front Games,0,Vancouver,British Columbia,Canada,2006,ModNation RacersSleeping DogsLittleBigPlanet Karting,Defunct in 2016
United Game Artists,0,Tokyo,,Japan,1996,Space Channel 5 seriesRez,Subsidiary of Sega
Universomo,0,Tampere,,Finland,2002,,Defunct in 2010
Valve,1,Kirkland,Washington,US,1996,Half-Life seriesPortal seriesLeft 4 Dead seriesTeam Fortress 2Dota 2Counter-Strike series,"Developer, publisher and distributor"
Vanillaware,1,"Ch≈´≈ç-ku, Osaka",,Japan,2002,Odin SphereGrimGrimoireMuramasa: The Demon BladeDragon's Crown13 Sentinels: Aegis Rim,
Venan Entertainment,0,Cromwell,Connecticut,US,2002,Ninjatown,Their assets were acquired by Megaspace Industries.
Vicarious Visions,1,Albany (Menands),New York,US,1990,Guitar Hero seriesTony Hawk seriesCrash Bandicoot N. Sane TrilogyMarvel: Ultimate Alliance 2,Acquired by Activision in 2004.
Vigil Games,0,Austin,Texas,US,2005,Darksiders series,Subsidiary of THQ; defunct in 2013
Virtual Heroes,1,Raleigh,North Carolina,US,2004,Moonbase Alpha,
Virtuos,1,,,Singapore,2004,Monster Jam: Path of DestructionGhost Recon Predator,
Visceral Games,0,Redwood City,California,US,1998,Dead Space series,"Formerly known as EA Redwood Shores, former in-house development studio and subsidiary of Electronic Arts, closed in 2017."
Visual Concepts,1,Novato,California,US,1988,NFL 2KNBA 2K seriesMLB 2K series,Subsidiary of 2K Sports
Vostok Games,1,Kiev,,Ukraine,2012,Survarium,"Vostok Games was founded in March 2012 by former employees of GSC Game World, following that firm's closing"
VoxelStorm,1,Manchester,,England,2012,AdvertCity,
Wahoo Studios,1,Orem,Utah,US,2001,,
Warhorse Studios,1,Prague,,Czech Republic,2011,Kingdom Come: Deliverance,Acquired by Koch Media in 2019
Wargaming,1,NicosiaMinsk,,CyprusBelarus,1998,World of Tanks,Developer/publisher
Wargaming Saint Petersburg,1,Saint Petersburg,,Russia,1991,World of Warships,Subsidiary of Wargaming
Wargaming Seattle,0,"Redmond, Washington",,US,1998,Supreme Commander,Subsidiary of Wargaming
Warner Bros. Interactive Entertainment,1,Chicago,Illinois,US,1988,Batman: Arkham seriesLego seriesF.E.A.R. seriesMortal Kombat series,Division of Warner Bros. Entertainment which is a subsidiary of WarnerMedia
WB Games Boston (formerly Turbine),1,Needham,Massachusetts,US,1994,Asheron's Call seriesDungeons & Dragons OnlineThe Lord of the Rings Online,Subsidiary of Warner Bros. Interactive Entertainment
WB Games | Avalanche (formerly Avalanche Software),1,Salt Lake City,,US,1995,Disney Infinity series,Subsidiary of Disney Interactive Studios; defunct in 2016Relaunched by Warner Bros. in 2017.
Webfoot Technologies,1,Chicago,Illinois,US,1993,Dragon Ball Z: The Legacy of GokuYou Don't Know Jack!  series[which?]Deadly Rooms of Death,Creators of many Dragon Ball Z games for Atari; specializes in Nintendo platforms
WeMade,1,Seoul,,South Korea,2000,The Legend of Mir series,
Westone Bit Entertainment,0,Tokyo,,Japan,1986,Wonder Boy seriesMonster World series,Bankrupt and became defunct in 2014
Westwood Studios,0,Las Vegas,Nevada,US,1985,Eye of the BeholderDune IIThe Legend of Kyrandia seriesLands of Lore seriesCommand & Conquer series,Acquired by Electronic Arts in 1998 and closed in 2003.
Wideload Games,0,Chicago,Illinois,US,2003,Stubbs the Zombie in Rebel Without a Pulse,Subsidiary of Disney Interactive Studios; closed in 2014
Wildfire Studios,1,Brisbane,Queensland,Australia,1995,,
Wizet studio (Nexon development 1st division),1,Seoul,,South Korea,1999,MapleStory,Acquired by Nexon and became to its division
Wolfire Games,1,Berkeley,California,US,2003,,
World Forge,0,Voronezh,,Russia,2004,Ancient Wars: Sparta,Founded by Burut Creative Team employees.
Xbox Game Studios,1,Redmond,Washington,US,2002,Age of Empires seriesCrackdown seriesFable seriesForza Motorsport seriesGears of War seriesHalo seriesMicrosoft Flight Simulator seriesZoo Tycoon series,"First-party developer, publisher, and console manufacturer; established as Microsoft Game Studios"
XPEC Entertainment,1,Taipei,,Taiwan,2000,Bounty Hounds,Developer/publisher
Yager Development,1,Berlin,,Germany,1999,Spec Ops: The Line,
Yuke's,1,Osaka,,Japan,1993,WWE SmackDown! vs Raw,
ZeniMax Online Studios,1,Hunt Valley,Maryland,US,2007,The Elder Scrolls Online,Subsidiary of ZeniMax Media Inc
Zipper Interactive,0,Redmond,Washington,US,1995,SOCOM U.S. Navy SEALs seriesMechWarrior 3,Shut down in 2012 by Sony Computer Entertainment
Zombie Studios,0,Seattle,Washington,US,1994,Spec Ops: Rangers Lead the WayBlacklight: Retribution,
ZootFly,0,Ljubljana,,Slovenia,2002,Marlow Briggs and the Mask of Death,Acquired by Elektroncek
Zynga,1,San Francisco,California,US,2007,FarmVilleZynga Poker,Social network game developer.
